<?xml version="1.0" encoding="UTF-8"?>
<project-private xmlns="http://www.netbeans.org/ns/project-private/1">
    <editor-bookmarks xmlns="http://www.netbeans.org/ns/editor-bookmarks/2" lastBookmarkId="0"/>
    <open-files xmlns="http://www.netbeans.org/ns/projectui-open-files/2">
        <group>
            <file>file:/F:/AUACA%20ALL%20NOTES/SEMESTER8/Web_Technology/StudentRegistration/StudentRegistration/src/model/Main.java</file>
            <file>file:/F:/AUACA%20ALL%20NOTES/SEMESTER8/Web_Technology/StudentRegistration/StudentRegistration/src/model/RegistrationForm.java</file>
        </group>
    </open-files>
</project-private>
